,m,R,|R|
0,16,F₂ × F₂ × F₅,20
1,,F₄ × F₁₃,52
2,,F₈ × F₉,72
3,17,F₂ × F₁₆,32
4,,F₁₆ × F₂,32
5,,F₉ × F₉,81
6,,F₅ × F₁₃,65
7,,F₇ × F₁₁,77
8,18,F₂ × F₄ × F₃,24
9,,F₂ × F₁₇,34
10,,F₄ × F₂ × F₃,24
11,,F₈ × F₁₁,88
12,,F₁₆ × F₃,48
13,19,F₄ × F₁₆,64
14,,F₁₆ × F₄,64
15,,F₃ × F₃ × F₃,27
16,,F₃ × F₁₇,51
17,,F₉ × F₁₁,99
18,,F₇ × F₁₃,91
19,20,F₂ × F₁₉,38
20,,F₄ × F₁₇,68
21,,F₈ × F₁₃,104
22,,F₁₆ × F₅,80
23,21,F₃ × F₁₉,57
24,,F₉ × F₁₃,117
25,,F₅ × F₁₇,85
26,,F₁₁ × F₁₁,121
27,22,F₂ × F₂ × F₂ × F₃,24
28,,F₂ × F₂ × F₇,28
29,,F₂ × F₃ × F₅,30
30,,F₄ × F₁₉,76
31,,F₁₆ × F₇,112
32,23,F₂ × F₄ × F₄,32
33,,F₄ × F₂ × F₄,32
34,,F₄ × F₄ × F₂,32
35,,F₈ × F₁₆,128
36,,F₁₆ × F₈,128
37,,F₅ × F₁₉,95
38,,F₇ × F₁₇,119
39,,F₁₁ × F₁₃,143
40,24,F₂ × F₂₃,46
41,,F₄ × F₃ × F₃,36
42,,F₈ × F₁₇,136
43,,F₁₆ × F₉,144
44,25,F₂ × F₂ × F₈,32
45,,F₂ × F₈ × F₂,32
46,,F₈ × F₂ × F₂,32
47,,F₃ × F₂₃,69
48,,F₉ × F₁₇,153
49,,F₇ × F₁₉,133
50,,F₁₃ × F₁₃,169
51,26,F₂ × F₂₅,50
52,,F₄ × F₂₃,92
53,,F₈ × F₁₉,152
54,,F₁₆ × F₁₁,176
55,27,F₃ × F₂₅,75
56,,F₉ × F₁₉,171
57,,F₅ × F₂₃,115
58,,F₁₁ × F₁₇,187
59,28,F₂ × F₂ × F₉,36
60,,F₂ × F₄ × F₅,40
61,,F₂ × F₂₇,54
62,,F₄ × F₂ × F₅,40
63,,F₄ × F₂₅,100
64,,F₁₆ × F₁₃,208
65,29,F₂ × F₂ × F₂ × F₄,32
66,,F₂ × F₂ × F₄ × F₂,32
67,,F₂ × F₄ × F₂ × F₂,32
68,,F₄ × F₂ × F₂ × F₂,32
69,,F₃ × F₃ × F₅,45
70,,F₃ × F₂₇,81
71,,F₂₇ × F₃,81
72,,F₅ × F₂₅,125
73,,F₂₅ × F₅,125
74,,F₇ × F₂₃,161
75,,F₁₁ × F₁₉,209
76,,F₁₃ × F₁₇,221
77,30,F₂ × F₃ × F₇,42
78,,F₂ × F₂₉,58
79,,F₄ × F₄ × F₃,48
80,,F₄ × F₂₇,108
81,,F₈ × F₂₃,184
82,31,F₂ × F₂ × F₂ × F₂ × F₂,32
83,,F₁₆ × F₁₆,256
84,,F₃ × F₂₉,87
85,,F₉ × F₂₃,207
86,,F₂₇ × F₅,135
87,,F₂₅ × F₇,175
88,,F₁₃ × F₁₉,247
89,32,F₂ × F₂ × F₃ × F₃,36
90,,F₂ × F₃₁,62
91,,F₄ × F₂₉,116
92,,F₈ × F₂₅,200
93,,F₁₆ × F₁₇,272
94,33,F₂ × F₃₂,64
95,,F₃₂ × F₂,64
96,,F₃ × F₃₁,93
97,,F₉ × F₂₅,225
98,,F₂₇ × F₇,189
99,,F₅ × F₂₉,145
100,,F₁₁ × F₂₃,253
101,,F₁₇ × F₁₇,289
102,34,F₂ × F₂ × F₁₁,44
103,,F₂ × F₈ × F₃,48
104,,F₂ × F₅ × F₅,50
105,,F₄ × F₃₁,124
106,,F₈ × F₂ × F₃,48
107,,F₈ × F₂₇,216
108,,F₁₆ × F₁₉,304
109,,F₃₂ × F₃,96
110,35,F₄ × F₃₂,128
111,,F₃₂ × F₄,128
112,,F₉ × F₂₇,243
113,,F₂₇ × F₉,243
114,,F₅ × F₃₁,155
115,,F₂₅ × F₁₁,275
116,,F₇ × F₂₉,203
117,,F₁₃ × F₂₃,299
118,,F₁₇ × F₁₉,323
119,36,F₂ × F₂ × F₂ × F₅,40
120,,F₄ × F₃ × F₅,60
121,,F₈ × F₂₉,232
122,,F₃₂ × F₅,160
123,37,F₄ × F₄ × F₄,64
124,,F₉ × F₂₉,261
125,,F₂₇ × F₁₁,297
126,,F₂₅ × F₁₃,325
127,,F₇ × F₃₁,217
128,,F₁₉ × F₁₉,361
129,38,F₂ × F₄ × F₇,56
130,,F₂ × F₃ × F₉,54
131,,F₂ × F₉ × F₃,54
132,,F₂ × F₃₇,74
133,,F₄ × F₂ × F₇,56
134,,F₈ × F₃₁,248
135,,F₁₆ × F₂₃,368
136,,F₃₂ × F₇,224
137,39,F₈ × F₃₂,256
138,,F₃₂ × F₈,256
139,,F₃ × F₃ × F₇,63
140,,F₃ × F₃₇,111
141,,F₉ × F₃₁,279
142,,F₂₇ × F₁₃,351
143,,F₁₁ × F₂₉,319
144,,F₁₇ × F₂₃,391
145,40,F₂ × F₂ × F₁₃,52
146,,F₄ × F₃₇,148
147,,F₁₆ × F₂₅,400
148,,F₃₂ × F₉,288
149,41,F₅ × F₃₇,185
150,,F₂₅ × F₁₇,425
151,,F₁₁ × F₃₁,341
152,,F₁₃ × F₂₉,377
153,,F₁₉ × F₂₃,437
154,42,F₂ × F₂ × F₄ × F₃,48
155,,F₂ × F₄ × F₂ × F₃,48
156,,F₂ × F₄₁,82
157,,F₄ × F₂ × F₂ × F₃,48
158,,F₁₆ × F₂₇,432
159,,F₃₂ × F₁₁,352
160,43,F₂ × F₄ × F₈,64
161,,F₂ × F₈ × F₄,64
162,,F₄ × F₂ × F₈,64
163,,F₄ × F₈ × F₂,64
164,,F₈ × F₂ × F₄,64
165,,F₈ × F₄ × F₂,64
166,,F₃ × F₅ × F₅,75
167,,F₃ × F₄₁,123
168,,F₂₇ × F₁₇,459
169,,F₂₅ × F₁₉,475
170,,F₇ × F₃₇,259
171,,F₁₃ × F₃₁,403
172,44,F₂ × F₄₃,86
173,,F₄ × F₄ × F₅,80
174,,F₄ × F₄₁,164
175,,F₈ × F₃ × F₃,72
176,,F₈ × F₃₇,296
177,,F₁₆ × F₂₉,464
178,,F₃₂ × F₁₃,416
179,45,F₃ × F₄₃,129
180,,F₉ × F₃₇,333
181,,F₂₇ × F₁₉,513
182,,F₅ × F₄₁,205
183,,F₁₇ × F₂₉,493
184,,F₂₃ × F₂₃,529
185,46,F₂ × F₂ × F₂ × F₂ × F₃,48
186,,F₂ × F₃ × F₃ × F₃,54
187,,F₂ × F₃ × F₁₁,66
188,,F₂ × F₅ × F₇,70
189,,F₄ × F₄₃,172
190,,F₁₆ × F₃₁,496
191,47,F₁₆ × F₃₂,512
192,,F₃₂ × F₁₆,512
193,,F₅ × F₄₃,215
194,,F₂₅ × F₂₃,575
195,,F₇ × F₄₁,287
196,,F₁₁ × F₃₇,407
197,,F₁₇ × F₃₁,527
198,,F₁₉ × F₂₉,551
199,48,F₂ × F₄ × F₉,72
200,,F₂ × F₄₇,94
201,,F₄ × F₂ × F₉,72
202,,F₄ × F₃ × F₇,84
203,,F₈ × F₄₁,328
204,,F₃₂ × F₁₇,544
205,49,F₂ × F₂ × F₁₆,64
206,,F₂ × F₁₆ × F₂,64
207,,F₁₆ × F₂ × F₂,64
208,,F₃ × F₃ × F₉,81
209,,F₃ × F₉ × F₃,81
210,,F₃ × F₄₇,141
211,,F₉ × F₃ × F₃,81
212,,F₉ × F₄₁,369
213,,F₂₇ × F₂₃,621
214,,F₂₅ × F₂₅,625
215,,F₇ × F₄₃,301
216,,F₁₃ × F₃₇,481
217,,F₁₉ × F₃₁,589
218,50,F₂ × F₂ × F₂ × F₇,56
219,,F₂ × F₄₉,98
220,,F₄ × F₄₇,188
221,,F₈ × F₄₃,344
222,,F₃₂ × F₁₉,608
223,51,F₃ × F₄₉,147
224,,F₉ × F₄₃,387
225,,F₂₇ × F₂₅,675
226,,F₅ × F₄₇,235
227,,F₁₁ × F₄₁,451
228,,F₂₃ × F₂₉,667
229,52,F₂ × F₂ × F₃ × F₅,60
230,,F₂ × F₂ × F₁₇,68
231,,F₂ × F₈ × F₅,80
232,,F₄ × F₅ × F₅,100
233,,F₄ × F₄₉,196
234,,F₈ × F₂ × F₅,80
235,,F₁₆ × F₃₇,592
236,53,F₂₇ × F₂₇,729
237,,F₅ × F₄₉,245
238,,F₂₅ × F₂₉,725
239,,F₇ × F₄₇,329
240,,F₁₁ × F₄₃,473
241,,F₁₃ × F₄₁,533
242,,F₁₇ × F₃₇,629
243,,F₂₃ × F₃₁,713
244,54,F₂ × F₃ × F₁₃,78
245,,F₂ × F₅₃,106
246,,F₄ × F₈ × F₃,96
247,,F₈ × F₄ × F₃,96
248,,F₈ × F₄₇,376
249,,F₃₂ × F₂₃,736
250,55,F₂ × F₂ × F₄ × F₄,64
251,,F₂ × F₄ × F₂ × F₄,64
252,,F₂ × F₄ × F₄ × F₂,64
253,,F₄ × F₂ × F₂ × F₄,64
254,,F₄ × F₂ × F₄ × F₂,64
255,,F₄ × F₄ × F₂ × F₂,64
256,,F₃ × F₅₃,159
257,,F₉ × F₄₇,423
258,,F₂₇ × F₂₉,783
259,,F₂₅ × F₃₁,775
260,,F₇ × F₄₉,343
261,,F₄₉ × F₇,343
262,,F₁₃ × F₄₃,559
263,,F₁₉ × F₃₇,703
264,56,F₄ × F₅₃,212
265,,F₈ × F₄₉,392
266,,F₁₆ × F₄₁,656
267,,F₃₂ × F₂₅,800
268,57,F₂ × F₂ × F₂ × F₈,64
269,,F₂ × F₂ × F₈ × F₂,64
270,,F₂ × F₈ × F₂ × F₂,64
271,,F₈ × F₂ × F₂ × F₂,64
272,,F₃ × F₅ × F₇,105
273,,F₉ × F₄₉,441
274,,F₂₇ × F₃₁,837
275,,F₅ × F₅₃,265
276,,F₁₁ × F₄₇,517
277,,F₁₇ × F₄₁,697
278,,F₂₉ × F₂₉,841
279,58,F₂ × F₂ × F₁₉,76
280,,F₂ × F₄ × F₁₁,88
281,,F₂ × F₉ × F₅,90
282,,F₄ × F₂ × F₁₁,88
283,,F₄ × F₄ × F₇,112
284,,F₁₆ × F₄₃,688
285,,F₃₂ × F₂₇,864
286,59,F₃ × F₃ × F₁₁,99
287,,F₇ × F₅₃,371
288,,F₄₉ × F₁₁,539
289,,F₁₃ × F₄₇,611
290,,F₁₇ × F₄₃,731
291,,F₁₉ × F₄₁,779
292,,F₂₃ × F₃₇,851
293,,F₂₉ × F₃₁,899
294,60,F₂ × F₄ × F₃ × F₃,72
295,,F₂ × F₅₉,118
296,,F₄ × F₂ × F₃ × F₃,72
297,,F₄ × F₃ × F₉,108
298,,F₄ × F₉ × F₃,108
299,,F₈ × F₅₃,424
300,,F₃₂ × F₂₉,928
301,61,F₂ × F₂ × F₂ × F₂ × F₄,64
302,,F₂ × F₂ × F₂ × F₄ × F₂,64
303,,F₂ × F₂ × F₄ × F₂ × F₂,64
304,,F₂ × F₄ × F₂ × F₂ × F₂,64
305,,F₄ × F₂ × F₂ × F₂ × F₂,64
306,,F₃ × F₅₉,177
307,,F₉ × F₅₃,477
308,,F₅ × F₅ × F₅,125
309,,F₂₅ × F₃₇,925
310,,F₄₉ × F₁₃,637
311,,F₁₉ × F₄₃,817
312,,F₃₁ × F₃₁,961
313,62,F₂ × F₇ × F₇,98
314,,F₂ × F₆₁,122
315,,F₄ × F₅₉,236
316,,F₁₆ × F₄₇,752
317,,F₃₂ × F₃₁,992
318,63,F₂ × F₂ × F₂ × F₂ × F₂ × F₂,64
319,,F₃₂ × F₃₂,1024
320,,F₃ × F₆₁,183
321,,F₂₇ × F₃₇,999
322,,F₅ × F₅₉,295
323,,F₁₁ × F₅₃,583
324,,F₁₇ × F₄₇,799
325,,F₂₃ × F₄₁,943
326,64,F₂ × F₂ × F₂ × F₉,72
327,,F₄ × F₆₁,244
328,,F₈ × F₃ × F₅,120
329,,F₁₆ × F₄₉,784
330,65,F₂ × F₆₄,128
331,,F₄ × F₄ × F₈,128
332,,F₄ × F₈ × F₄,128
333,,F₈ × F₄ × F₄,128
334,,F₆₄ × F₂,128
335,,F₃ × F₃ × F₃ × F₃,81
336,,F₅ × F₆₁,305
337,,F₂₅ × F₄₁,1025
338,,F₇ × F₅₉,413
339,,F₄₉ × F₁₇,833
340,,F₁₃ × F₅₃,689
341,,F₁₉ × F₄₇,893
342,,F₂₃ × F₄₃,989
343,,F₂₉ × F₃₇,1073
344,66,F₂ × F₁₆ × F₃,96
345,,F₈ × F₅₉,472
346,,F₁₆ × F₂ × F₃,96
347,,F₆₄ × F₃,192
348,67,F₄ × F₆₄,256
349,,F₆₄ × F₄,256
350,,F₉ × F₅₉,531
351,,F₂₇ × F₄₁,1107
352,,F₂₅ × F₄₃,1075
353,,F₇ × F₆₁,427
354,,F₄₉ × F₁₉,931
355,,F₃₁ × F₃₇,1147
356,68,F₂ × F₂ × F₂ × F₃ × F₃,72
357,,F₂ × F₂ × F₄ × F₅,80
358,,F₂ × F₄ × F₂ × F₅,80
359,,F₂ × F₄ × F₁₃,104
360,,F₂ × F₆₇,134
361,,F₄ × F₂ × F₂ × F₅,80
362,,F₄ × F₂ × F₁₃,104
363,,F₄ × F₅ × F₇,140
364,,F₈ × F₆₁,488
365,,F₁₆ × F₅₃,848
366,,F₃₂ × F₃₇,1184
367,,F₆₄ × F₅,320
368,69,F₃ × F₃ × F₁₃,117
369,,F₃ × F₆₇,201
370,,F₉ × F₆₁,549
371,,F₂₇ × F₄₃,1161
372,,F₁₁ × F₅₉,649
373,,F₁₇ × F₅₃,901
374,,F₂₃ × F₄₇,1081
375,,F₂₉ × F₄₁,1189
376,70,F₂ × F₂ × F₂₃,92
377,,F₂ × F₈ × F₇,112
378,,F₂ × F₃ × F₁₇,102
379,,F₂ × F₅ × F₁₁,110
380,,F₄ × F₆₇,268
381,,F₈ × F₂ × F₇,112
382,,F₆₄ × F₇,448
383,71,F₈ × F₆₄,512
384,,F₆₄ × F₈,512
385,,F₃ × F₉ × F₅,135
386,,F₉ × F₃ × F₅,135
387,,F₅ × F₆₇,335
388,,F₂₅ × F₄₇,1175
389,,F₄₉ × F₂₃,1127
390,,F₁₁ × F₆₁,671
391,,F₁₃ × F₅₉,767
392,,F₁₉ × F₅₃,1007
393,,F₂₉ × F₄₃,1247
394,,F₃₁ × F₄₁,1271
395,72,F₂ × F₂ × F₃ × F₇,84
396,,F₂ × F₇₁,142
397,,F₄ × F₄ × F₉,144
398,,F₄ × F₃ × F₁₁,132
399,,F₃₂ × F₄₁,1312
400,,F₆₄ × F₉,576
401,73,F₃ × F₇₁,213
402,,F₂₇ × F₄₇,1269
403,,F₂₅ × F₄₉,1225
404,,F₇ × F₆₇,469
405,,F₁₃ × F₆₁,793
406,,F₃₁ × F₄₃,1333
407,,F₃₇ × F₃₇,1369
408,74,F₂ × F₃ × F₃ × F₅,90
409,,F₂ × F₇₃,146
410,,F₄ × F₇₁,284
411,,F₈ × F₆₇,536
412,,F₁₆ × F₅₉,944
413,,F₃₂ × F₄₃,1376
414,,F₆₄ × F₁₁,704
415,75,F₃ × F₇ × F₇,147
416,,F₃ × F₇₃,219
417,,F₉ × F₆₇,603
418,,F₂₇ × F₄₉,1323
419,,F₅ × F₇₁,355
420,,F₁₇ × F₅₉,1003
421,,F₂₃ × F₅₃,1219
422,,F₂₉ × F₄₇,1363
423,76,F₂ × F₂ × F₂ × F₂ × F₅,80
424,,F₂ × F₂ × F₂₅,100
425,,F₄ × F₈ × F₅,160
426,,F₄ × F₇₃,292
427,,F₈ × F₄ × F₅,160
428,,F₁₆ × F₆₁,976
429,,F₆₄ × F₁₃,832
430,77,F₅ × F₇₃,365
431,,F₂₅ × F₅₃,1325
432,,F₇ × F₇₁,497
433,,F₄₉ × F₂₉,1421
434,,F₁₁ × F₆₇,737
435,,F₁₇ × F₆₁,1037
436,,F₁₉ × F₅₉,1121
437,,F₃₁ × F₄₇,1457
438,,F₃₇ × F₄₁,1517
439,78,F₂ × F₂ × F₂ × F₁₁,88
440,,F₂ × F₄ × F₄ × F₃,96
441,,F₂ × F₃ × F₁₉,114
442,,F₂ × F₉ × F₇,126
443,,F₄ × F₂ × F₄ × F₃,96
444,,F₄ × F₄ × F₂ × F₃,96
445,,F₈ × F₇₁,568
446,,F₃₂ × F₄₇,1504
447,79,F₂ × F₈ × F₈,128
448,,F₈ × F₂ × F₈,128
449,,F₈ × F₈ × F₂,128
450,,F₁₆ × F₆₄,1024
451,,F₆₄ × F₁₆,1024
452,,F₉ × F₇₁,639
453,,F₂₇ × F₅₃,1431
454,,F₅ × F₅ × F₇,175
455,,F₇ × F₇₃,511
456,,F₄₉ × F₃₁,1519
457,,F₁₃ × F₆₇,871
458,,F₁₉ × F₆₁,1159
459,,F₃₇ × F₄₃,1591
460,80,F₂ × F₇₉,158
461,,F₈ × F₇₃,584
462,,F₃₂ × F₄₉,1568
463,,F₆₄ × F₁₇,1088
464,81,F₃ × F₇₉,237
465,,F₉ × F₇₃,657
466,,F₁₁ × F₇₁,781
467,,F₂₃ × F₅₉,1357
468,,F₂₉ × F₅₃,1537
469,,F₄₁ × F₄₁,1681
470,82,F₂ × F₂ × F₈ × F₃,96
471,,F₂ × F₂ × F₂₇,108
472,,F₂ × F₈ × F₂ × F₃,96
473,,F₂ × F₈₁,162
474,,F₂ × F₅ × F₁₃,130
475,,F₄ × F₇₉,316
476,,F₈ × F₂ × F₂ × F₃,96
477,,F₁₆ × F₆₇,1072
478,,F₆₄ × F₁₉,1216
479,83,F₂ × F₄ × F₁₆,128
480,,F₂ × F₁₆ × F₄,128
481,,F₄ × F₂ × F₁₆,128
482,,F₄ × F₁₆ × F₂,128
483,,F₁₆ × F₂ × F₄,128
484,,F₁₆ × F₄ × F₂,128
485,,F₃ × F₈₁,243
486,,F₈₁ × F₃,243
487,,F₅ × F₇₉,395
488,,F₂₅ × F₅₉,1475
489,,F₁₁ × F₇₃,803
490,,F₁₃ × F₇₁,923
491,,F₁₇ × F₆₇,1139
492,,F₂₃ × F₆₁,1403
493,,F₃₁ × F₅₃,1643
494,,F₃₇ × F₄₇,1739
495,,F₄₁ × F₄₃,1763
496,84,F₂ × F₂ × F₅ × F₅,100
497,,F₂ × F₈₃,166
498,,F₄ × F₃ × F₃ × F₃,108
499,,F₄ × F₃ × F₁₃,156
500,,F₄ × F₉ × F₅,180
501,,F₄ × F₈₁,324
502,,F₈ × F₃ × F₇,168
503,,F₁₆ × F₃ × F₃,144
504,,F₃₂ × F₅₃,1696
505,85,F₃ × F₅ × F₁₁,165
506,,F₃ × F₈₃,249
507,,F₂₇ × F₅₉,1593
508,,F₈₁ × F₅,405
509,,F₂₅ × F₆₁,1525
510,,F₇ × F₇₉,553
511,,F₄₉ × F₃₇,1813
512,,F₁₃ × F₇₃,949
513,,F₁₉ × F₆₇,1273
514,,F₄₃ × F₄₃,1849
515,86,F₄ × F₄ × F₁₁,176
516,,F₄ × F₈₃,332
517,,F₈ × F₇₉,632
518,,F₁₆ × F₇₁,1136
519,,F₆₄ × F₂₃,1472
520,87,F₉ × F₇₉,711
521,,F₂₇ × F₆₁,1647
522,,F₈₁ × F₇,567
523,,F₅ × F₈₃,415
524,,F₁₇ × F₇₁,1207
525,,F₂₉ × F₅₉,1711
526,,F₄₁ × F₄₇,1927
527,88,F₂ × F₂ × F₂₉,116
528,,F₂ × F₄ × F₁₇,136
529,,F₂ × F₈ × F₉,144
530,,F₄ × F₂ × F₁₇,136
531,,F₄ × F₇ × F₇,196
532,,F₈ × F₂ × F₉,144
533,,F₈ × F₈₁,648
534,,F₈ × F₅ × F₅,200
535,,F₁₆ × F₇₃,1168
536,,F₆₄ × F₂₅,1600
537,89,F₃ × F₃ × F₁₇,153
538,,F₉ × F₈₁,729
539,,F₈₁ × F₉,729
540,,F₇ × F₈₃,581
541,,F₄₉ × F₄₁,2009
542,,F₁₁ × F₇₉,869
543,,F₁₇ × F₇₃,1241
544,,F₁₉ × F₇₁,1349
545,,F₂₃ × F₆₇,1541
546,,F₂₉ × F₆₁,1769
547,,F₃₁ × F₅₉,1829
548,,F₃₇ × F₅₃,1961
549,,F₄₃ × F₄₇,2021
550,90,F₂ × F₂ × F₂ × F₄ × F₃,96
551,,F₂ × F₂ × F₄ × F₂ × F₃,96
552,,F₂ × F₄ × F₂ × F₂ × F₃,96
553,,F₂ × F₈₉,178
554,,F₄ × F₂ × F₂ × F₂ × F₃,96
555,,F₈ × F₈₃,664
556,,F₃₂ × F₅₉,1888
557,,F₆₄ × F₂₇,1728
558,91,F₃ × F₈₉,267
559,,F₉ × F₈₃,747
560,,F₈₁ × F₁₁,891
561,,F₂₅ × F₆₇,1675
562,,F₄₉ × F₄₃,2107
563,,F₁₃ × F₇₉,1027
564,,F₁₉ × F₇₃,1387
565,,F₃₁ × F₆₁,1891
566,92,F₂ × F₂ × F₂ × F₁₃,104
567,,F₂ × F₂ × F₃ × F₉,108
568,,F₂ × F₂ × F₉ × F₃,108
569,,F₄ × F₈₉,356
570,,F₃₂ × F₆₁,1952
571,,F₆₄ × F₂₉,1856
572,93,F₃ × F₉ × F₇,189
573,,F₉ × F₃ × F₇,189
574,,F₂₇ × F₆₇,1809
575,,F₈₁ × F₁₃,1053
576,,F₅ × F₈₉,445
577,,F₁₁ × F₈₃,913
578,,F₂₃ × F₇₁,1633
579,,F₄₁ × F₅₃,2173
580,,F₄₇ × F₄₇,2209
581,94,F₂ × F₂ × F₂ × F₂ × F₂ × F₃,96
582,,F₂ × F₂ × F₄ × F₇,112
583,,F₂ × F₂ × F₃₁,124
584,,F₂ × F₄ × F₂ × F₇,112
585,,F₂ × F₃ × F₂₃,138
586,,F₂ × F₇ × F₁₁,154
587,,F₄ × F₂ × F₂ × F₇,112
588,,F₈ × F₈ × F₃,192
589,,F₁₆ × F₇₉,1264
590,,F₆₄ × F₃₁,1984
591,95,F₃₂ × F₆₄,2048
592,,F₆₄ × F₃₂,2048
593,,F₂₅ × F₇₁,1775
594,,F₇ × F₈₉,623
595,,F₄₉ × F₄₇,2303
596,,F₁₃ × F₈₃,1079
597,,F₁₇ × F₇₉,1343
598,,F₂₃ × F₇₃,1679
599,,F₂₉ × F₆₇,1943
600,,F₃₇ × F₅₉,2183
601,,F₄₃ × F₅₃,2279
602,96,F₂ × F₄ × F₃ × F₅,120
603,,F₄ × F₂ × F₃ × F₅,120
604,,F₈ × F₈₉,712
605,,F₁₆ × F₈₁,1296
606,97,F₂ × F₂ × F₃₂,128
607,,F₂ × F₃₂ × F₂,128
608,,F₃₂ × F₂ × F₂,128
609,,F₉ × F₅ × F₅,225
610,,F₉ × F₈₉,801
611,,F₂₇ × F₇₁,1917
612,,F₈₁ × F₁₇,1377
613,,F₂₅ × F₇₃,1825
614,,F₄₉ × F₄₉,2401
615,,F₁₉ × F₇₉,1501
616,,F₃₁ × F₆₇,2077
617,,F₃₇ × F₆₁,2257
618,98,F₂ × F₄ × F₁₉,152
619,,F₂ × F₉ × F₉,162
620,,F₂ × F₉₇,194
621,,F₄ × F₂ × F₁₉,152
622,,F₄ × F₈ × F₇,224
623,,F₈ × F₄ × F₇,224
624,,F₁₆ × F₈₃,1328
625,,F₃₂ × F₆₇,2144
626,99,F₃ × F₃ × F₁₉,171
627,,F₃ × F₅ × F₁₃,195
628,,F₃ × F₉₇,291
629,,F₂₇ × F₇₃,1971
630,,F₈₁ × F₁₉,1539
631,,F₁₁ × F₈₉,979
632,,F₁₇ × F₈₃,1411
633,,F₂₉ × F₇₁,2059
634,,F₄₁ × F₅₉,2419
635,,F₄₇ × F₅₃,2491
636,100,F₂ × F₂ × F₃ × F₃ × F₃,108
637,,F₂ × F₁₆ × F₅,160
638,,F₄ × F₄ × F₁₃,208
639,,F₄ × F₅ × F₁₁,220
640,,F₄ × F₉₇,388
641,,F₁₆ × F₂ × F₅,160
642,,F₆₄ × F₃₇,2368
